company_name,phone,full_address,address_line1,city,state,zip,county,license_number,license_status,license_expiration,contact_name,website,has_website,website_lookup,source,verified_date
BLACKMON PLUMBING SERVICES,(281) 427-8325,"4315  BARKALOO RD, BAYTOWN, TX 77521",4315  BARKALOO RD,BAYTOWN,TX,77521,HARRIS,38162,Current,05/31/2027,SHANE BLACKMON,https://www.blackmonplumbing.com,True,domain_phone_verified,TSBPE Responsible Master Plumber Registry,2026-06-10
IC PLUMBING LLC,(214) 223-5399,"1800 E.BELTLINE RD, CARROLLTON, TX 75006",1800 E.BELTLINE RD,CARROLLTON,TX,75006,DALLAS,15811,Current,02/28/2027,TERRY STOKES,,False,not_found,TSBPE Responsible Master Plumber Registry,2026-06-10
RILEY PLUMBING & MECHANICAL,(817) 237-8104,"6704 AZLE AVENUE, FORT WORTH, TX 76135",6704 AZLE AVENUE,FORT WORTH,TX,76135,TARRANT,18265,Current,06/30/2026,ROBERT RILEY,,False,not_found,TSBPE Responsible Master Plumber Registry,2026-06-10
HERNANDEZ PLUMBING & SEWER INC,(210) 912-5119,"2747 BENRUS, SAN ANTONIO, TX 78228",2747 BENRUS,SAN ANTONIO,TX,78228,BEXAR,39327,Current,11/30/2026,ANTONIO HERNANDEZ,https://hernandezplumbing.com,True,domain_phone_verified,TSBPE Responsible Master Plumber Registry,2026-06-10
JAMES BRADFORD PLUMBING,(512) 247-4045,"334 MESA DR., DEL VALLE, TX 78617",334 MESA DR.,DEL VALLE,TX,78617,TRAVIS,38601,Current,06/30/2026,JAMES BRADFORD,,False,not_found,TSBPE Responsible Master Plumber Registry,2026-06-10
ALTON HESS PLUMBING LLC,(903) 785-5683,"6001 COUNTY ROAD 660, FARMERSVILLE, TX 75442",6001 COUNTY ROAD 660,FARMERSVILLE,TX,75442,COLLIN,39355,Current,03/31/2027,ALTON HESS,,False,not_found,TSBPE Responsible Master Plumber Registry,2026-06-10
VICTORY PLUMBING COMPANY,(512) 990-7200,"1175 COUNTY ROAD 108, HUTTO, TX 78634",1175 COUNTY ROAD 108,HUTTO,TX,78634,WILLIAMSON,37550,Current,02/28/2027,LEE JOHNSON,https://www.victoryplumbing.com,True,domain_phone_verified,TSBPE Responsible Master Plumber Registry,2026-06-10
M. ROCHA PLUMBING,(915) 920-1549,"3114 HAMILTON, EL PASO, TX 79930",3114 HAMILTON,EL PASO,TX,79930,EL PASO,8379,Current,03/31/2027,MANUEL ROCHA,,False,not_found,TSBPE Responsible Master Plumber Registry,2026-06-10
"OMG BUILDERS, LLC.",(832) 444-8881,"2257  N. LOOP 336 W., SUITE #140-303, CONROE, TX 77304",2257  N. LOOP 336 W.,CONROE,TX,77304,MONTGOMERY,39314,Current,04/30/2027,JEFFREY HELMS,,False,not_found,TSBPE Responsible Master Plumber Registry,2026-06-10
SAWYER PLUMBING SERVICE,(817) 382-7464,"601 CHISHOLM TR., DENTON, TX 76201",601 CHISHOLM TR.,DENTON,TX,76201,DENTON,16345,Current,11/30/2026,LARRY SAWYER,,False,not_found,TSBPE Responsible Master Plumber Registry,2026-06-10
AG PLUMBING,(956) 499-1943,"1507 GUADALUPE ST, WESLACO, TX 78596",1507 GUADALUPE ST,WESLACO,TX,78596,HIDALGO,12517,Current,10/31/2026,ARMANDO GONZALEZ,,False,not_found,TSBPE Responsible Master Plumber Registry,2026-06-10
DABILA PLUMBING,(806) 781-8167,"1220 S. 13TH ST., SLATON, TX 79364",1220 S. 13TH ST.,SLATON,TX,79364,LUBBOCK,13476,Current,09/30/2026,ARTHUR DABILA,,False,not_found,TSBPE Responsible Master Plumber Registry,2026-06-10
BOYD PLUMBING COMPANY INC,(254) 897-3692,"4084 N. FM 199, CLEBURNE, TX 76033",4084 N. FM 199,CLEBURNE,TX,76033,JOHNSON,37328,Current,02/28/2027,JEFFREY BOYD,,False,not_found,TSBPE Responsible Master Plumber Registry,2026-06-10
DELLACO INC,(972) 723-3811,"3031 ROBINSON RD STE F, MIDLOTHIAN, TX 76065",3031 ROBINSON RD STE F,MIDLOTHIAN,TX,76065,ELLIS,37929,Current,08/31/2026,TREVOR PALMER,,False,not_found,TSBPE Responsible Master Plumber Registry,2026-06-10
FONSECA PLUMBING,(832) 687-1624,"3206 OYSTER COVE DR., MISSOURI CITY, TX 77459",3206 OYSTER COVE DR.,MISSOURI CITY,TX,77459,FORT BEND,38070,Current,02/28/2027,JOSE FONSECA,,False,not_found,TSBPE Responsible Master Plumber Registry,2026-06-10
MOLINA PLUMBING,(361) 851-0262,"3842 APOLLO, CORPUS CHRISTI, TX 78413",3842 APOLLO,CORPUS CHRISTI,TX,78413,NUECES,6927,Current,11/30/2026,FABIAN MOLINA,,False,not_found,TSBPE Responsible Master Plumber Registry,2026-06-10
GOODWIN PLUMBING SERVICE INC,(254) 752-1501,"212  S. 22ND ST., WACO, TX 76701",212  S. 22ND ST.,WACO,TX,76701,MCLENNAN,14266,Current,04/30/2027,MICHAEL VORDERKUNZ,,False,not_found,TSBPE Responsible Master Plumber Registry,2026-06-10
TOM LYNE PLUMBING & MECHANICAL INC & BENJAMIN FRANKLING PLUM,(979) 324-1200,"11184  DAN WILLIAMS LN, COLLEGE STATION, TX 77845",11184  DAN WILLIAMS LN,COLLEGE STATION,TX,77845,BRAZOS,37474,Current,09/30/2026,THOMAS LYNE,,False,not_found,TSBPE Responsible Master Plumber Registry,2026-06-10
PAISLEY PLUMBING,(512) 618-1890,"670 WHISPER RIDGE, WIMBERLEY, TX 78676",670 WHISPER RIDGE,WIMBERLEY,TX,78676,HAYS,37469,Current,08/31/2026,DANIEL MATTINGLY,,False,not_found,TSBPE Responsible Master Plumber Registry,2026-06-10
V&S CONSTRUCTION COMPANY LLC,(346) 256-0632,"9437 GATES LOOP, MANVEL, TX 77578",9437 GATES LOOP,MANVEL,TX,77578,BRAZORIA,10202,Current,08/31/2026,ALFRED GONZALES,,False,not_found,TSBPE Responsible Master Plumber Registry,2026-06-10
MIMS PLUMBING,(210) 822-2619,"30581 PANTHER DR., BULVERDE, TX 78163",30581 PANTHER DR.,BULVERDE,TX,78163,COMAL,16045,Current,02/28/2027,G. MIMS,,False,not_found,TSBPE Responsible Master Plumber Registry,2026-06-10
PLUMBER BOY OF TX,(254) 238-1174,"1610 S 31 STREET  STE 102-625, TEMPLE, TX 76504",1610 S 31 STREET  STE 102-625,TEMPLE,TX,76504,BELL,44049,Current,04/30/2027,BILLYJOE BAECHLER,,False,not_found,TSBPE Responsible Master Plumber Registry,2026-06-10
A2Z ATOMIC PLUMBING INC,(214) 727-4040,"1175 SKYLAR DR., ROCKWALL, TX 75032",1175 SKYLAR DR.,ROCKWALL,TX,75032,ROCKWALL,36843,Current,09/30/2026,CASEY MITCHELL,,False,not_found,TSBPE Responsible Master Plumber Registry,2026-06-10
SITE MECHANICAL LLC,(817) 808-4174,"341 PALO ALTO DRIVE, SPRINGTOWN, TX 76082",341 PALO ALTO DRIVE,SPRINGTOWN,TX,76082,PARKER,23052,Current,02/28/2027,CHRISTOPHER ALBAN,,False,not_found,TSBPE Responsible Master Plumber Registry,2026-06-10
J & M PLUMBING INC,(713) 875-7956,"PO  BOX  1986, LEAGUE CITY, TX 77574",PO  BOX  1986,LEAGUE CITY,TX,77574,GALVESTON,22171,Current,09/30/2026,MICHAEL LUNA,,False,not_found,TSBPE Responsible Master Plumber Registry,2026-06-10
GENE FORD PLUMBING INC,(903) 465-0888,"728 W. SHEPHERD, DENISON, TX 75020-5018",728 W. SHEPHERD,DENISON,TX,75020-5018,GRAYSON,18940,Current,02/28/2027,MARK FOLTERMANN,,False,not_found,TSBPE Responsible Master Plumber Registry,2026-06-10
AQUA FLOW PLUMBING,(903) 880-8090,"P O BOX 2073, MABANK, TX 75147",P O BOX 2073,MABANK,TX,75147,KAUFMAN,15226,Current,09/30/2026,WILLIAM MITCHELL,,False,not_found,TSBPE Responsible Master Plumber Registry,2026-06-10
PRO STAR PLUMBING,(214) 364-8881,"512  N 5TH ST, QUINLAN, TX 75474",512  N 5TH ST,QUINLAN,TX,75474,HUNT,9083,Current,02/28/2027,CARL MILLIGAN,,False,not_found,TSBPE Responsible Master Plumber Registry,2026-06-10
THOMSON'S PLUMBING LLC,(903) 882-7549,"16803 INTERSTATE 20 WEST, LINDALE, TX 75771",16803 INTERSTATE 20 WEST,LINDALE,TX,75771,SMITH,11061,Current,10/31/2026,ROBERT THOMSON,,False,not_found,TSBPE Responsible Master Plumber Registry,2026-06-10
GOOD FLOW PLUMBING & CONSTRUCTION,(432) 934-2497,"P O BOX 50976, MIDLAND, TX 79710-0976",P O BOX 50976,MIDLAND,TX,79710-0976,MIDLAND,37416,Current,02/28/2027,FELIX MARTINEZ,,False,not_found,TSBPE Responsible Master Plumber Registry,2026-06-10
WILFORD FORSGREN PLUMBING,(940) 733-1387,"4600 MIMOSA LANE, WICHITA FALLS, TX 76310",4600 MIMOSA LANE,WICHITA FALLS,TX,76310,WICHITA,9625,Current,07/31/2026,WILFORD FORSGREN,,False,not_found,TSBPE Responsible Master Plumber Registry,2026-06-10
CT TEXAS PLUMBING LLC,(210) 849-8638,"401 MAPLE DR, SCHERTZ, TX 78154",401 MAPLE DR,SCHERTZ,TX,78154,GUADALUPE,39094,Current,03/31/2027,CHARLES TURNBULL,,False,not_found,TSBPE Responsible Master Plumber Registry,2026-06-10
RSW PLUMBING & CONSTRUCTION LLC,(806) 382-4123,"21974 FM 1062, CANYON, TX 79015",21974 FM 1062,CANYON,TX,79015,RANDALL,39577,Current,09/30/2026,RICHARD WILLIAMS,,False,not_found,TSBPE Responsible Master Plumber Registry,2026-06-10
AM PM PLUMBING,(956) 425-0006,"28491 RANGERVILLE RD, HARLINGEN, TX 78552",28491 RANGERVILLE RD,HARLINGEN,TX,78552,CAMERON,38483,Current,05/31/2027,CLEMENTE QUINTANILLA,,False,not_found,TSBPE Responsible Master Plumber Registry,2026-06-10
SHREINER HOME COMFORT LLC DBA 1800 PLMBR OF THE TX PANHANDLE,(806) 622-3862,"513  ROSS, AMARILLO, TX 79102",513  ROSS,AMARILLO,TX,79102,POTTER,38075,Current,03/31/2027,JASEN SHREINER,,False,not_found,TSBPE Responsible Master Plumber Registry,2026-06-10
ARGYLE MECHANICAL SERVICES DBA SERVICEPROZ,(903) 237-8281,"PO BOX 608, GLADEWATER, TX 75647",PO BOX 608,GLADEWATER,TX,75647,GREGG,39069,Current,02/28/2027,NATHAN WHITE,,False,not_found,TSBPE Responsible Master Plumber Registry,2026-06-10
SAN TEX PLUMBING,(817) 770-6711,"168 HAPPY TRAIL, RHOME, TX 76078",168 HAPPY TRAIL,RHOME,TX,76078,WISE,37217,Current,03/31/2027,TONY ATKINS,,False,not_found,TSBPE Responsible Master Plumber Registry,2026-06-10
JAY HARKINS CO DBA HARKINS CO,(512) 281-5577,"618  HWY 95 N, ELGIN, TX 78621",618  HWY 95 N,ELGIN,TX,78621,BASTROP,39024,Current,07/31/2026,JOHN HARKINS,,False,not_found,TSBPE Responsible Master Plumber Registry,2026-06-10
SUPERIOR PLUMBING INC,(432) 550-0123,"P.O.BOX 12183, ODESSA, TX 79768",P.O.BOX 12183,ODESSA,TX,79768,ECTOR,37455,Current,07/31/2027,BILLY GREATHOUSE,,False,not_found,TSBPE Responsible Master Plumber Registry,2026-06-10
AGGIES PLUMBING,(409) 960-2543,"2518  GLENWOOD DR., PORT ARTHUR, TX 77642",2518  GLENWOOD DR.,PORT ARTHUR,TX,77642,JEFFERSON,38865,Current,02/28/2027,AGUSTIN IZAGUIRRE,,False,not_found,TSBPE Responsible Master Plumber Registry,2026-06-10
QUALITY PLUMBING & SERVICE INC,(956) 725-2335,"2604 FREMONT ST., LAREDO, TX 78043",2604 FREMONT ST.,LAREDO,TX,78043,WEBB,37266,Current,02/28/2027,MANUEL SANTOS,,False,not_found,TSBPE Responsible Master Plumber Registry,2026-06-10
SIERRA PLUMBING,(325) 655-6747,"704 EAST 16TH STREET, SAN ANGELO,TEXAS, SAN ANGELO, TX 76903",704 EAST 16TH STREET,SAN ANGELO,TX,76903,TOM GREEN,20679,Current,02/28/2027,WILLIE FLORES,,False,not_found,TSBPE Responsible Master Plumber Registry,2026-06-10
4T CONSTRUCTION,(512) 748-9250,"100 CR 200D, BURNET, TX 78611",100 CR 200D,BURNET,TX,78611,BURNET,37286,Current,02/28/2027,FREDDY PARK,,False,not_found,TSBPE Responsible Master Plumber Registry,2026-06-10
J H PLUMBING LLC,(210) 274-6497,"106 RUSTY LANE, BOERNE, TX 78006",106 RUSTY LANE,BOERNE,TX,78006,KENDALL,39412,Current,04/30/2027,JAMES HOEVER,,False,not_found,TSBPE Responsible Master Plumber Registry,2026-06-10
R & S PLUMBING,(903) 873-4673,"899 VZCR 3406, WILLS POINT, TX 75169",899 VZCR 3406,WILLS POINT,TX,75169,VAN ZANDT,20554,Current,07/31/2026,GREGORY SMITH,,False,not_found,TSBPE Responsible Master Plumber Registry,2026-06-10
EAST TEXAS PLUMBING CO,(903) 675-9319,"P O BOX 2082, ATHENS, TX 75751",P O BOX 2082,ATHENS,TX,75751,HENDERSON,36970,Current,09/30/2026,DERRELL STRANGE,,False,not_found,TSBPE Responsible Master Plumber Registry,2026-06-10
VCSV LLC DBA VIC'S PLUMBING,(361) 676-2935,"4303 N VINE ST., VICTORIA, TX 77901",4303 N VINE ST.,VICTORIA,TX,77901,VICTORIA,38597,Current,11/30/2026,VICTOR NUNEZ,,False,not_found,TSBPE Responsible Master Plumber Registry,2026-06-10
SA'S BEST PLUMBING,(210) 421-7756,"161 COUNTY ROAD 277, MICO, TX 78056",161 COUNTY ROAD 277,MICO,TX,78056,MEDINA,36967,Current,11/30/2026,RUSSELL GARDINER,,False,not_found,TSBPE Responsible Master Plumber Registry,2026-06-10
7M PLUMBING LLC,(325) 725-4105,"P O BOX 4059, ABILENE, TX 79608",P O BOX 4059,ABILENE,TX,79608,TAYLOR,40425,Current,02/28/2027,MICHAEL MILLER,,False,not_found,TSBPE Responsible Master Plumber Registry,2026-06-10
RAD PLUMBING LLC,(940) 600-7496,"2136 COUNTY RD 4101, NEW BOSTON, TX 75570",2136 COUNTY RD 4101,NEW BOSTON,TX,75570,BOWIE,38778,Current,07/31/2027,RODNEY DEAL,,False,not_found,TSBPE Responsible Master Plumber Registry,2026-06-10
ESPERANZA VENTURES CORP DBA HOLLOWAY PLUMBING,(830) 377-9001,"421 SCHREINER ST, C/O HOLLOWAY PLUMBING, KERRVILLE, TX 78028",421 SCHREINER ST,KERRVILLE,TX,78028,KERR,42237,Current,11/30/2026,DAMON LEWIS,,False,not_found,TSBPE Responsible Master Plumber Registry,2026-06-10
DOUBLE L PLUMBING,(817) 279-9303,"315 SMART STRIKE CT, GRANBURY, TX 76049",315 SMART STRIKE CT,GRANBURY,TX,76049,HOOD,39534,Current,10/31/2026,CHRISTOPHER LESTER,,False,not_found,TSBPE Responsible Master Plumber Registry,2026-06-10
ROUP PLUMBING LLC,(469) 826-3315,"11602 REEDER ROAD, DALLAS, TX 75229",11602 REEDER ROAD,DALLAS,TX,75229,,45970,Current,08/31/2026,SHAUN ROUP,,False,not_found,TSBPE Responsible Master Plumber Registry,2026-06-10
MIKE CAMPOS PLUMBING SERVICES,(210) 421-7362,"504 BLARNEY RD, FLORESVILLE, TX 78114-6590",504 BLARNEY RD,FLORESVILLE,TX,78114-6590,WILSON,39224,Current,10/31/2026,MIGUEL CAMPOS,,False,not_found,TSBPE Responsible Master Plumber Registry,2026-06-10
RONS PLUMBING LLC,(903) 438-6328,"P. O. BOX 248, SULPHUR SPRINGS, TX 75483",P. O. BOX 248,SULPHUR SPRINGS,TX,75483,HOPKINS,20658,Current,10/31/2026,RONALD SIMMONS,,False,not_found,TSBPE Responsible Master Plumber Registry,2026-06-10
BYNARD MALONE PLUMBING LLC,(903) 739-8580,"155 32ND STREET NE, PARIS, TX 75460",155 32ND STREET NE,PARIS,TX,75460,LAMAR,36999,Current,08/31/2026,BYNARD MALONE,,False,not_found,TSBPE Responsible Master Plumber Registry,2026-06-10
TASK COMMERCIAL PLUMBING,(281) 682-8953,"P O BOX 81, SHIRO, TX 77876",P O BOX 81,SHIRO,TX,77876,GRIMES,21118,Current,04/30/2027,DANIEL MCELROY,,False,not_found,TSBPE Responsible Master Plumber Registry,2026-06-10
AMERICAN CLASSIC PLUMBING INC,(806) 702-0701,"PO BOX 449, KINGSLAND, TX 78639",PO BOX 449,KINGSLAND,TX,78639,LLANO,43607,Current,02/28/2027,MICHAEL DAVIS,,False,not_found,TSBPE Responsible Master Plumber Registry,2026-06-10
FREE FLOW PLUMBING LLC,(936) 232-0433,"5010 FM 2693 RD W, NEW WAVERLY, TX 77358",5010 FM 2693 RD W,NEW WAVERLY,TX,77358,WALKER,40062,Current,06/30/2026,MICHAEL MACALUSO,,False,not_found,TSBPE Responsible Master Plumber Registry,2026-06-10
BAR-B PLUMBING CO INC,(254) 547-2493,"PO BOX 129, KEMPNER, TX 76539",PO BOX 129,KEMPNER,TX,76539,LAMPASAS,18915,Current,02/28/2027,EDWARD BARBEE,,False,not_found,TSBPE Responsible Master Plumber Registry,2026-06-10
EAST TEXAS LRL ENTERPRISES INC DBA LOGGINS PLUMBING,(936) 639-3073,"101 INDUSTRIAL BLVD, SUITE 109, LUFKIN, TX 75904",101 INDUSTRIAL BLVD,LUFKIN,TX,75904,ANGELINA,14413,Current,08/31/2026,LEONARD LOGGINS,,False,not_found,TSBPE Responsible Master Plumber Registry,2026-06-10
"ROBERT RUSSELL PLUMBING, INC.",(940) 759-4155,"P. O. BOX 394, MUENSTER, TX 76252",P. O. BOX 394,MUENSTER,TX,76252,COOKE,8728,Current,05/31/2027,ROBERT RUSSELL,,False,not_found,TSBPE Responsible Master Plumber Registry,2026-06-10
INNERLINE PLUMBING,(817) 851-6826,"PO BOX 132, RICHLAND, TX 76681",PO BOX 132,RICHLAND,TX,76681,NAVARRO,17632,Current,02/28/2027,RICHARD WOOLHEATER,,False,not_found,TSBPE Responsible Master Plumber Registry,2026-06-10
MEYER PLUMBING & CONSTRUCTION LLC,(979) 277-5908,"7679 WOLFF ROAD, BURTON, TX 77835",7679 WOLFF ROAD,BURTON,TX,77835,WASHINGTON,15104,Current,02/28/2027,BOBBY MEYER,,False,not_found,TSBPE Responsible Master Plumber Registry,2026-06-10
NORTH TEXAS PRECISE PLUMBING LLC,(972) 762-7347,"542  PRIVATE ROAD 76, LEONARD, TX 75452",542  PRIVATE ROAD 76,LEONARD,TX,75452,FANNIN,39976,Current,11/30/2026,JOHN COOK,,False,not_found,TSBPE Responsible Master Plumber Registry,2026-06-10
GREENWAVE PLUMBING INC,(512) 750-1808,"2233 BORCHERT LOOP, LOCKHART, TX 78644",2233 BORCHERT LOOP,LOCKHART,TX,78644,CALDWELL,21542,Current,06/30/2026,MICHAEL THIGPEN,,False,not_found,TSBPE Responsible Master Plumber Registry,2026-06-10
DAVID HERBORT PLUMBING AND GENERAL SERVICES LLC,(830) 990-0996,"1800 CENTER POINT RD., FREDERICKSBURG, TX 78624-8119",1800 CENTER POINT RD.,FREDERICKSBURG,TX,78624-8119,GILLESPIE,37094,Current,05/31/2027,DAVID HERBORT,,False,not_found,TSBPE Responsible Master Plumber Registry,2026-06-10
HINOTE PLUMBING INC,(409) 882-4140,"18702 HWY 62S, ORANGE, TX 77630",18702 HWY 62S,ORANGE,TX,77630,ORANGE,13301,Current,10/31/2026,JOHN HINOTE,,False,not_found,TSBPE Responsible Master Plumber Registry,2026-06-10
"MSC EARTHWORK, LLC",(210) 219-2714,"P.O. BOX 364, CARMINE, TX 78932",P.O. BOX 364,CARMINE,TX,78932,FAYETTE,8082,Current,10/31/2026,JEFFREY MYERS,,False,not_found,TSBPE Responsible Master Plumber Registry,2026-06-10
ATTABOY PLUMBING CO,(903) 738-4000,"P.O. BOX 414, DIANA, TX 75640",P.O. BOX 414,DIANA,TX,75640,UPSHUR,18345,Current,04/30/2027,BILLY GEERS,,False,not_found,TSBPE Responsible Master Plumber Registry,2026-06-10
KPK PLUMBING LLC,(940) 255-8479,"1502 NORTH MASON STREET, BOWIE, TX 76230",1502 NORTH MASON STREET,BOWIE,TX,76230,MONTAGUE,38914,Current,05/31/2027,SAMMIE POE,,False,not_found,TSBPE Responsible Master Plumber Registry,2026-06-10
BUDDY P PLUMBING LLC,(281) 934-8161,"P. O. BOX 583, BROOKSHIRE, TX 77423",P. O. BOX 583,BROOKSHIRE,TX,77423,WALLER,14763,Current,05/31/2027,ERNEST PETEREK,,False,not_found,TSBPE Responsible Master Plumber Registry,2026-06-10
FORD PLUMBING & SEPTIC,(903) 342-7774,"1311 CR 4778, WINNSBORO, TX 75494",1311 CR 4778,WINNSBORO,TX,75494,WOOD,18852,Current,02/28/2027,KEVIN FORD,,False,not_found,TSBPE Responsible Master Plumber Registry,2026-06-10
R-1 PLUMBING LLC,(832) 646-5664,"387 CR 4891, DAYTON, TX 77535",387 CR 4891,DAYTON,TX,77535,LIBERTY,40450,Current,03/31/2027,RENE TORRES,,False,not_found,TSBPE Responsible Master Plumber Registry,2026-06-10
"HARDIN COUNTY PLUMBING SERVICES, LLC.",(409) 246-4740,"P. O. BOX 1986, KOUNTZE, TX 77625",P. O. BOX 1986,KOUNTZE,TX,77625,HARDIN,13512,Current,11/30/2026,VERNON DEAN,,False,not_found,TSBPE Responsible Master Plumber Registry,2026-06-10
MARBACH PLUMBING COMPANY INC,(361) 729-9155,"411 W. MARKET ST., ROCKPORT, TX 78382",411 W. MARKET ST.,ROCKPORT,TX,78382,ARANSAS,17600,Current,08/31/2026,DENNIS MARBACH,,False,not_found,TSBPE Responsible Master Plumber Registry,2026-06-10
LARSON PLUMBING & UTILITY CO,(381) 887-6234,"P.O. BOX 158, ODEM, TX 78370",P.O. BOX 158,ODEM,TX,78370,SAN PATRICIO,18518,Current,05/31/2027,RANDY LARSON,,False,not_found,TSBPE Responsible Master Plumber Registry,2026-06-10
BARKER PLUMBING,(254) 582-9879,"P. O. BOX 324, HILLSBORO, TX 76645",P. O. BOX 324,HILLSBORO,TX,76645,HILL,10331,Current,06/30/2026,LARRY BARKER,,False,not_found,TSBPE Responsible Master Plumber Registry,2026-06-10
ROBBIE ROB'S PLUMBING,(214) 770-3860,"353 OLD MILL LN, POINT, TX 75472",353 OLD MILL LN,POINT,TX,75472,RAINS,39544,Current,05/31/2027,ROBERT TREVINO,,False,not_found,TSBPE Responsible Master Plumber Registry,2026-06-10
SHANNON WALLACE PLUMBING LLC,(936) 615-5811,"3871 FM 1275, NACOGDOCHES, TX 75961",3871 FM 1275,NACOGDOCHES,TX,75961,NACOGDOCHES,36755,Current,07/31/2026,SHANNON WALLACE,,False,not_found,TSBPE Responsible Master Plumber Registry,2026-06-10
ACE PLUMBINGADRIANA & MARTIN GUTIERREZ ENTERPRISES INC,(512) 446-5152,"1303  BRAZOS AVE, ROCKDALE, TX 76567",1303  BRAZOS AVE,ROCKDALE,TX,76567,MILAM,36525,Current,08/31/2026,MARTIN GUTIERREZ,,False,not_found,TSBPE Responsible Master Plumber Registry,2026-06-10
TEXAS HILL COUNTRY PLUMBING LLC,(830) 444-5195,"3610 ENGLISH CROSSING ROAD, BANDERA, TX 78003",3610 ENGLISH CROSSING ROAD,BANDERA,TX,78003,BANDERA,37623,Current,02/28/2027,JAMES MCGILBERY,,False,not_found,TSBPE Responsible Master Plumber Registry,2026-06-10
PRO MECHANICAL OF TEXAS/DBA-SHEETZ PRO MECHANICAL,(254) 965-3000,"300 WEST LINGLEVILLE RD,SUITE 102, STEPHENVILLE, TX 76401","300 WEST LINGLEVILLE RD,SUITE 102",STEPHENVILLE,TX,76401,ERATH,15702,Current,09/30/2026,STEVEN SHEETZ,,False,not_found,TSBPE Responsible Master Plumber Registry,2026-06-10
DAN'S ALL AMERICAN PLUMBING LLC,(409) 423-5773,"P.O. BOX 517, KIRBYVILLE, TX 75956",P.O. BOX 517,KIRBYVILLE,TX,75956,JASPER,17203,Current,08/31/2026,DANNY PETERS,,False,not_found,TSBPE Responsible Master Plumber Registry,2026-06-10
SON-SHINE PLUMBING,(361) 827-8042,"P O BOX 281, LOUISE, TX 77455",P O BOX 281,LOUISE,TX,77455,WHARTON,14376,Current,06/30/2026,ROBERT GARCIA,,False,not_found,TSBPE Responsible Master Plumber Registry,2026-06-10
COWBOY PLUMBING,(903) 261-6762,"514 S FLOREY AVE, MT PLEASANT, TX 75455",514 S FLOREY AVE,MT PLEASANT,TX,75455,TITUS,10530,Current,07/31/2026,JUAN GALINDO,,False,not_found,TSBPE Responsible Master Plumber Registry,2026-06-10
CLOPTON'S LAND HOME IMPROVEMENTS LLC,(979) 716-4646,"PO BOX 612 P.O. BOX 612, LEXINGTON, TX 78947",PO BOX 612 P.O. BOX 612,LEXINGTON,TX,78947,LEE,37823,Current,04/30/2027,AARON CLOPTON,,False,not_found,TSBPE Responsible Master Plumber Registry,2026-06-10
ETZLER PLUMBING & ELECTRIC INC,(361) 798-5086,"519 CR 166, HALLETTSVILLE, TX 77964",519 CR 166,HALLETTSVILLE,TX,77964,LAVACA,38254,Current,08/31/2026,WILBERT ETZLER,,False,not_found,TSBPE Responsible Master Plumber Registry,2026-06-10
TOBYAH ENTERPRISES INC DBA T&T PLUMBING,(325) 721-4723,"10132 PR 2589, CLYDE, TX 79510",10132 PR 2589,CLYDE,TX,79510,CALLAHAN,37796,Current,05/31/2027,TOVIA GRYNEWICZ,,False,not_found,TSBPE Responsible Master Plumber Registry,2026-06-10
MANUEL ESTRADA PLUMBING,(830) 968-0493,"2327 EDNA DR, EAGLE PASS, TX 78852",2327 EDNA DR,EAGLE PASS,TX,78852,MAVERICK,7962,Current,06/30/2026,MANUEL ESTRADA,,False,not_found,TSBPE Responsible Master Plumber Registry,2026-06-10
HORNE PIPE & SUPPLY INC DBA CHAMBERS PLUMBING,(325) 642-7486,"3005 AVENUE D, BROWNWOOD, TX 76801",3005 AVENUE D,BROWNWOOD,TX,76801,BROWN,20061,Current,04/30/2027,KEVIN CHAMBERS,,False,not_found,TSBPE Responsible Master Plumber Registry,2026-06-10
VICTOR'S PLUMBING LLC,(806) 346-4407,"229  SOUTH MAIN, HEREFORD, TX 79045",229  SOUTH MAIN,HEREFORD,TX,79045,DEAF SMITH,36988,Current,08/31/2026,ROBERT ESTRADA,,False,not_found,TSBPE Responsible Master Plumber Registry,2026-06-10
T'S PLUMBING CO,(432) 386-3291,"P O BOX 1415, ALPINE, TX 79830",P O BOX 1415,ALPINE,TX,79830,BREWSTER,39673,Current,02/28/2027,TREVER WARREN,,False,not_found,TSBPE Responsible Master Plumber Registry,2026-06-10
"ED DAVILA PLUMBING, LLC",(979) 725-6298,"1035 SEDAN ROAD, WEIMAR, TX 78962",1035 SEDAN ROAD,WEIMAR,TX,78962,COLORADO,17070,Current,10/31/2026,EDWARD DAVILA,,False,not_found,TSBPE Responsible Master Plumber Registry,2026-06-10
WHITMORE'S PLUMBING SERVICE INC,(432) 263-2302,"408 EAST 11TH STREET, BIG SPRING, TX 79720",408 EAST 11TH STREET,BIG SPRING,TX,79720,HOWARD,18910,Current,10/31/2026,DERRICK WHITMORE,,False,not_found,TSBPE Responsible Master Plumber Registry,2026-06-10
1ST CLASSIC PLUMBING LLC,(817) 578-5328,"258 COUNTY RD 1140, KOPPERL, TX 76652",258 COUNTY RD 1140,KOPPERL,TX,76652,BOSQUE,36905,Current,05/31/2027,JEFF MITCHELL,,False,not_found,TSBPE Responsible Master Plumber Registry,2026-06-10
COVE PLUMBING INC,(254) 547-4263,"2416 E HIGHWAY 190, COPPERAS COVE, TX 76522",2416 E HIGHWAY 190,COPPERAS COVE,TX,76522,CORYELL,37682,Current,02/28/2027,THAD MAPLES,,False,not_found,TSBPE Responsible Master Plumber Registry,2026-06-10
M&M PLUMBING,(830) 734-6520,"P. O. BOX 420852, DEL RIO, TX 78842",P. O. BOX 420852,DEL RIO,TX,78842,VAL VERDE,15158,Current,09/30/2026,MARTIN MATA,,False,not_found,TSBPE Responsible Master Plumber Registry,2026-06-10
NJM PLUMBING CO LLC,(903) 729-2323,"924  N PERRY ST, PALESTINE, TX 75801",924  N PERRY ST,PALESTINE,TX,75801,ANDERSON,36728,Current,11/30/2026,MARK WISE,,False,not_found,TSBPE Responsible Master Plumber Registry,2026-06-10
RISINGER PLUMBING,(806) 523-2222,"3750 W FM 597, LEVELAND, TX 79336",3750 W FM 597,LEVELAND,TX,79336,HOCKLEY,16066,Current,11/30/2026,MARK RISINGER,,False,not_found,TSBPE Responsible Master Plumber Registry,2026-06-10
NATIVI CONTRACTORS DIRECT CONNECT,(817) 304-2722,"308 COVE RD, GORDON, TX 76453",308 COVE RD,GORDON,TX,76453,PALO PINTO,16185,Current,07/31/2027,LARRY TURNER,,False,not_found,TSBPE Responsible Master Plumber Registry,2026-06-10
GRAVES PLUMBING,(903) 237-9252,"PO BOX 170, CARTHAGE, TX 75633",PO BOX 170,CARTHAGE,TX,75633,PANOLA,18306,Current,07/31/2026,ULYSSES GRAVES,,False,not_found,TSBPE Responsible Master Plumber Registry,2026-06-10
BALLEW PLUMBING COMPANY,(903) 683-4455,"129 FM 1248, RUSK, TX 75785",129 FM 1248,RUSK,TX,75785,CHEROKEE,15327,Current,11/30/2026,EDWIN BALLEW,,False,not_found,TSBPE Responsible Master Plumber Registry,2026-06-10
BOB JAY'S OF PERRYTON INC,(806) 435-5080,"PO BOX 748, PERRYTON, TX 79070-0748",PO BOX 748,PERRYTON,TX,79070-0748,OCHILTREE,41238,Current,03/31/2027,JEFFERY HINSHAW,,False,not_found,TSBPE Responsible Master Plumber Registry,2026-06-10
JNJ PLUMBING LLC,(281) 677-1707,"207 DANCING FLAME, LIVINGSTON, TX 77351",207 DANCING FLAME,LIVINGSTON,TX,77351,POLK,40615,Current,10/31/2026,JIMMY WALLECK,,False,not_found,TSBPE Responsible Master Plumber Registry,2026-06-10
BRUSH COUNTRY PLUMBING LLC,(361) 232-6343,"P O BOX 2635, ORANGE GROVE, TX 78372",P O BOX 2635,ORANGE GROVE,TX,78372,JIM WELLS,44584,Current,05/31/2027,JERRY PEREA,,False,not_found,TSBPE Responsible Master Plumber Registry,2026-06-10
BARNWELL INDUSTRIES,(903) 796-4867,"P. O. BOX 375, QUEEN CITY, TX 75572",P. O. BOX 375,QUEEN CITY,TX,75572,CASS,15585,Current,06/30/2027,HOWARD BARNWELL,,False,not_found,TSBPE Responsible Master Plumber Registry,2026-06-10
CAPROCK PLUMBING HEATING & AIR CONDITIONING INC,(806) 293-7302,"428 ASH ST., PLAINVIEW, TX 79072",428 ASH ST.,PLAINVIEW,TX,79072,HALE,18233,Current,10/31/2026,LARRY RANKIN,,False,not_found,TSBPE Responsible Master Plumber Registry,2026-06-10
STREETY PLUMBING,(903) 407-2013,"11012 HWY 154, MARSHALL, TX 75670",11012 HWY 154,MARSHALL,TX,75670,HARRISON,38762,Current,02/28/2027,CHRIS SLOCUM,,False,not_found,TSBPE Responsible Master Plumber Registry,2026-06-10
HARPS PLUMBING,(281) 342-8972,"P.O. BOX 301, MATAGORDA, TX 77457",P.O. BOX 301,MATAGORDA,TX,77457,MATAGORDA,12812,Current,10/31/2026,GERALD HARPER,,False,not_found,TSBPE Responsible Master Plumber Registry,2026-06-10
SAMPSON PLUMBING,(409) 429-3517,"P. O. BOX 179, 184 COUNTY ROAD 4984, FRED, TX 77616",P. O. BOX 179,FRED,TX,77616,TYLER,13140,Current,05/31/2027,DOUGLAS SAMPSON,,False,not_found,TSBPE Responsible Master Plumber Registry,2026-06-10
SOUTH TEXAS PLUMBING INC,(830) 569-2178,"1215 B ENCINO, PLEASANTON, TX 78064",1215 B ENCINO,PLEASANTON,TX,78064,ATASCOSA,7910,Current,04/30/2027,GEORGE ALLEN,,False,not_found,TSBPE Responsible Master Plumber Registry,2026-06-10
MILLER PLUMBING SERVICES LLC,(512) 945-8538,"P.O. BOX 492, BUFFALO, TX 75831",P.O. BOX 492,BUFFALO,TX,75831,LEON,46692,Current,04/30/2027,JUSTIN MILLER,,False,not_found,TSBPE Responsible Master Plumber Registry,2026-06-10
"P3 PLUMBING, LLC",(361) 258-1339,"2596 CR 396, GONZALES, TX 78629",2596 CR 396,GONZALES,TX,78629,GONZALES,44163,Current,04/30/2027,PAUL WAGNER,,False,not_found,TSBPE Responsible Master Plumber Registry,2026-06-10
BALLARD PLUMBING,(806) 935-7575,"124 W 8TH, DUMAS, TX 79029",124 W 8TH,DUMAS,TX,79029,MOORE,40343,Current,11/30/2026,BRADLEY BALLARD,,False,not_found,TSBPE Responsible Master Plumber Registry,2026-06-10
DIAMOND H PLUMBING,(936) 305-1508,"PO BOX 614, MT ENTERPRISE, TX 75681",PO BOX 614,MT ENTERPRISE,TX,75681,RUSK,41995,Current,08/31/2026,DYER HOWARD,,False,not_found,TSBPE Responsible Master Plumber Registry,2026-06-10
WARE PLUMBING,(325) 436-9174,"123 PEACH ST., SNYDER, TX 79549",123 PEACH ST.,SNYDER,TX,79549,SCURRY,38285,Current,10/31/2026,EARL WARE,,False,not_found,TSBPE Responsible Master Plumber Registry,2026-06-10
T C PLUMBING,(432) 556-9412,"2401 NW MUSTANG DR., ANDREWS, TX 79714",2401 NW MUSTANG DR.,ANDREWS,TX,79714,ANDREWS,17900,Current,06/30/2026,THOMAS CARRASCO,,False,not_found,TSBPE Responsible Master Plumber Registry,2026-06-10
WEST TEXAS PLUMBING SOLUTIONS,(254) 477-4334,"3433 W WALKER ST, BRECKENRIDGE, TX 76424",3433 W WALKER ST,BRECKENRIDGE,TX,76424,STEPHENS,43127,Current,09/30/2026,JOSUE DURAN,,False,not_found,TSBPE Responsible Master Plumber Registry,2026-06-10
NETWORK PLUMBING LLC,(325) 933-4269,"1306 ELM ST., SWEETWATER, TX 79556",1306 ELM ST.,SWEETWATER,TX,79556,NOLAN,36977,Current,09/30/2026,JAMES DAVIS,,False,not_found,TSBPE Responsible Master Plumber Registry,2026-06-10
LJ3 SERVICES,(940) 532-1440,"228 ELM ST, GRAHAM, TX 76450",228 ELM ST,GRAHAM,TX,76450,YOUNG,16903,Current,03/31/2027,JASON COTTONGAME,,False,not_found,TSBPE Responsible Master Plumber Registry,2026-06-10
DL PLUMBING,(361) 522-3370,"1202 E. HUISACHE, KINGSVILLE, TX 78363",1202 E. HUISACHE,KINGSVILLE,TX,78363,KLEBERG,38014,Current,05/31/2027,DAVID LOPEZ,,False,not_found,TSBPE Responsible Master Plumber Registry,2026-06-10
DAVID WEIDO DBA PLUMBING,(979) 732-5195,"1412 MOCKINGBIRD BND, SEALY, TX 77474",1412 MOCKINGBIRD BND,SEALY,TX,77474,AUSTIN,17316,Current,10/31/2026,DAVID WEIDO,,False,not_found,TSBPE Responsible Master Plumber Registry,2026-06-10
MOORE PLUMBING REPAIR LLC,(903) 389-1844,"177 FCR 111, FAIRFIELD, TX 75840",177 FCR 111,FAIRFIELD,TX,75840,FREESTONE,35796,Current,06/30/2026,BRIAN MOORE,,False,not_found,TSBPE Responsible Master Plumber Registry,2026-06-10
URBAN UTILITIES LLC,(214) 202-4666,"562 CR 2417, LEESBURG, TX 75451",562 CR 2417,LEESBURG,TX,75451,CAMP,40033,Current,09/30/2026,HARRY JACOBSEN,,False,not_found,TSBPE Responsible Master Plumber Registry,2026-06-10
COLLINS & SON'S PLUMBING,(254) 433-6120,"PO BOX 1205, CISCO, TX 76437",PO BOX 1205,CISCO,TX,76437,EASTLAND,43555,Current,07/31/2026,COREY COLLINS,,False,not_found,TSBPE Responsible Master Plumber Registry,2026-06-10
JOSLIN CONSTRUCTION TEXAS LLC,(281) 354-5840,"1350 FM 3460, SHEPHERD, TX 77371",1350 FM 3460,SHEPHERD,TX,77371,SAN JACINTO,40836,Current,07/31/2027,CHAD JOSLIN,,False,not_found,TSBPE Responsible Master Plumber Registry,2026-06-10
BULLDOG CONTRACTORS LLC,(903) 665-2019,"509 KELLYVILLE ROAD #1, JEFFERSON, TX 75657",509 KELLYVILLE ROAD #1,JEFFERSON,TX,75657,MARION,36949,Current,08/31/2026,CARLTON KELLER,,False,not_found,TSBPE Responsible Master Plumber Registry,2026-06-10
TAYLOR PLUMBING COMPANY,(936) 348-3800,"P. O. BOX 125, MADISONVILLE, TX 77864",P. O. BOX 125,MADISONVILLE,TX,77864,MADISON,12159,Current,11/30/2026,JOHN TAYLOR,,False,not_found,TSBPE Responsible Master Plumber Registry,2026-06-10
TIMOTHY WOOTEN WATER CONDITIONING,(432) 488-8294,"PO BOX 1163, STANTON, TX 79782",PO BOX 1163,STANTON,TX,79782,MARTIN,16906,Current,09/30/2026,TIMOTHY WOOTEN,,False,not_found,TSBPE Responsible Master Plumber Registry,2026-06-10
WRIGHT CHOICE PLUMBING,(361) 243-6980,"1011 E MAIN, CUERO, TX 77954",1011 E MAIN,CUERO,TX,77954,DE WITT,20054,Current,07/31/2026,JAMIE WRIGHT,,False,not_found,TSBPE Responsible Master Plumber Registry,2026-06-10
GUADALUPE GARCIA JR,(830) 325-4167,"P.O. BOX 2015, UVALDE, TX 78802",P.O. BOX 2015,UVALDE,TX,78802,UVALDE,39936,Current,09/30/2026,GUADALUPE GARCIA,,False,not_found,TSBPE Responsible Master Plumber Registry,2026-06-10
ROSE PLUMBING & SEPTIC SYSTEMS LLC,(806) 872-3502,"PO BOX 1204, LAMESA, TX 79331",PO BOX 1204,LAMESA,TX,79331,DAWSON,9437,Current,11/30/2026,BILLIE ROSE,,False,not_found,TSBPE Responsible Master Plumber Registry,2026-06-10
HARRIS PLUMBING HEAT & AIR,(432) 758-6129,"301 SW 23RD, SEMINOLE, TX 79360",301 SW 23RD,SEMINOLE,TX,79360,GAINES,15306,Current,07/31/2026,KENNITH HARRIS,,False,not_found,TSBPE Responsible Master Plumber Registry,2026-06-10
SHOFFNER PLUMBING INC,(940) 937-2969,"701 AVENUE D SE, CHILDRESS, TX 79201",701 AVENUE D SE,CHILDRESS,TX,79201,CHILDRESS,22711,Current,04/30/2027,TERRY SHOFFNER,,False,not_found,TSBPE Responsible Master Plumber Registry,2026-06-10
DANIEL HINOJOSA DBA HINOJOSA PLUMBING,(830) 623-0586,"158  PR. 3294 CR 329, KENEDY, TX 78119",158  PR. 3294 CR 329,KENEDY,TX,78119,KARNES,37996,Current,09/30/2026,DANIEL HINOJOSA,,False,not_found,TSBPE Responsible Master Plumber Registry,2026-06-10
ASHMORE PLUMBING,(254) 784-3662,"PO BOX 167, HAMILTON, TX 76531",PO BOX 167,HAMILTON,TX,76531,HAMILTON,41869,Current,04/30/2027,CODY ASHMORE,,False,not_found,TSBPE Responsible Master Plumber Registry,2026-06-10
CRAFT PLUMBING AND CONSTRUCTION LLC,(830) 554-0565,"PO BOX 872, BLANCO, TX 78606",PO BOX 872,BLANCO,TX,78606,BLANCO,42874,Current,03/31/2027,JOHN CRAFT,,False,not_found,TSBPE Responsible Master Plumber Registry,2026-06-10
MARTINEZ PLUMBING & CONSTRUCTION,(940) 282-9532,"533  N 2ND STREET, JACKSBORO, TX 76458",533  N 2ND STREET,JACKSBORO,TX,76458,JACK,41145,Current,08/31/2026,DAMON MARTINEZ,,False,not_found,TSBPE Responsible Master Plumber Registry,2026-06-10
DBA: BOB'S PLUMBING,(806) 669-1940,"1105 GARLAND, PAMPA, TX 79065",1105 GARLAND,PAMPA,TX,79065,GRAY,39105,Current,09/30/2026,BOBBY FAIRES,,False,not_found,TSBPE Responsible Master Plumber Registry,2026-06-10
BUSBY PLUMBING,(254) 562-2558,"2146 LCR 377, MEXIA, TX 76667",2146 LCR 377,MEXIA,TX,76667,LIMESTONE,36684,Current,04/30/2027,DANA BUSBY,,False,not_found,TSBPE Responsible Master Plumber Registry,2026-06-10
ADVANTAGE PLUMBING CO,(806) 395-8270,"618 N. FLORIDA ST., BORGER, TX 79007",618 N. FLORIDA ST.,BORGER,TX,79007,HUTCHINSON,28874,Current,07/31/2027,WILLIAM CLINE,,False,not_found,TSBPE Responsible Master Plumber Registry,2026-06-10
PLUMB KRAZY PLUMBING,(936) 591-0190,"P. O. BOX 1422, CENTER, TX 75935",P. O. BOX 1422,CENTER,TX,75935,SHELBY,36166,Current,02/28/2027,DENNIS LIKER,,False,not_found,TSBPE Responsible Master Plumber Registry,2026-06-10
BARTON PLUMBING,(806) 323-2444,"PO BOX 697, CANADIAN, TX 79014",PO BOX 697,CANADIAN,TX,79014,HEMPHILL,13768,Current,08/31/2026,PRICE BARTON,,False,not_found,TSBPE Responsible Master Plumber Registry,2026-06-10
KOTLAR PLUMBING CO INC,(361) 782-3536,"203 SOUTH EAST ST, EDNA, TX 77957",203 SOUTH EAST ST,EDNA,TX,77957,JACKSON,18271,Current,09/30/2026,LARRY KOTLAR,,False,not_found,TSBPE Responsible Master Plumber Registry,2026-06-10
4 J'S PLUMBING,(936) 203-6135,"1271 PR 3225 PO BOX 190, MARQUEZ, TX 77856",1271 PR 3225 PO BOX 190,MARQUEZ,TX,77856,ROBERTSON,17634,Current,03/31/2027,JAMES KOENIG,,False,not_found,TSBPE Responsible Master Plumber Registry,2026-06-10
HAAK PLUMBING,(254) 883-0298,"1469 STATE HWY 7, CHILTON, TX 76632",1469 STATE HWY 7,CHILTON,TX,76632,FALLS,36857,Current,08/31/2026,JEREMY HAAK,,False,not_found,TSBPE Responsible Master Plumber Registry,2026-06-10
PHELPS PLBG HTG & AC,(806) 662-7126,"304 SAILFISH, HOWARDWICK, TX 79226",304 SAILFISH,HOWARDWICK,TX,79226,DONLEY,12746,Current,04/30/2027,JOHN PHELPS,,False,not_found,TSBPE Responsible Master Plumber Registry,2026-06-10
C & S PLUMBING SERVICES INC,(830) 279-4766,"200 CAMINO CORTO, LEAKEY, TX 78873",200 CAMINO CORTO,LEAKEY,TX,78873,REAL,43051,Current,03/31/2027,DAVID CHRISTIAN,,False,not_found,TSBPE Responsible Master Plumber Registry,2026-06-10
SHIPLET PLUMBING,(940) 553-1397,"1710 STEPHENS ST, VERNON, TX 76384-8052",1710 STEPHENS ST,VERNON,TX,76384-8052,WILBARGER,18482,Current,07/31/2026,CHARLES SHIPLET,,False,not_found,TSBPE Responsible Master Plumber Registry,2026-06-10
"STATE-WYED PLUMBING, LLC",(903) 975-3030,"1059 COUNTY ROAD SE 4385, SCROGGINS, TX 75480-6714",1059 COUNTY ROAD SE 4385,SCROGGINS,TX,75480-6714,FRANKLIN,12060,Current,05/31/2027,JOHN RICHARDSON,,False,not_found,TSBPE Responsible Master Plumber Registry,2026-06-10
DANNY HRNCIRIK ELECTRIC,(940) 889-8843,"P. O. BOX 230, SEYMOUR, TX 76380",P. O. BOX 230,SEYMOUR,TX,76380,BAYLOR,36539,Current,04/30/2027,DANNY HRNCIRIK,,False,not_found,TSBPE Responsible Master Plumber Registry,2026-06-10
CHOLLETT PLUMBING LLC,(979) 324-7836,"PO BOX 476, SNOOK, TX 77878",PO BOX 476,SNOOK,TX,77878,BURLESON,38279,Current,08/31/2026,CHRISTOPHER CHOLLETT,,False,not_found,TSBPE Responsible Master Plumber Registry,2026-06-10
BYRON'S PLUMBING SERVICES INC,(281) 565-9173,"14334 BLUE FALLS DR, SUGAR LAND, TX 77498",14334 BLUE FALLS DR,SUGAR LAND,TX,77498,FISHER,37599,Current,03/31/2027,BYRON GUTIERREZ,,False,not_found,TSBPE Responsible Master Plumber Registry,2026-06-10
CLEAR FORK PLUMBING,(325) 725-0347,"314 N SWENSON, STAMFORD, TX 79553",314 N SWENSON,STAMFORD,TX,79553,JONES,18983,Current,10/31/2026,PATRICK BEVERLY,,False,not_found,TSBPE Responsible Master Plumber Registry,2026-06-10
CARSON QUALITY HEAT & AIR LLC,(903) 427-6736,"7864 TX-37, CLARKSVILLE, TX 75426",7864 TX-37,CLARKSVILLE,TX,75426,RED RIVER,37558,Current,02/28/2027,WILLIAM PEARCE,,False,not_found,TSBPE Responsible Master Plumber Registry,2026-06-10
G BAR H INC DBA WESTERN PLUMBING & HEATING,(325) 463-5504,"441 PRIVATE RD 869, ROCHELLE, TX 76872",441 PRIVATE RD 869,ROCHELLE,TX,76872,MCCULLOCH,16784,Current,08/31/2026,GARY HUDDLESTON,,False,not_found,TSBPE Responsible Master Plumber Registry,2026-06-10
HVAC MECHANICAL SERVICES OF  TEXAS LTD DBA HUNTON SERVICES,(832) 262-3057,"14711  BAY WIND COURT, BEACH CITY, TX 77523",14711  BAY WIND COURT,BEACH CITY,TX,77523,CHAMBERS,38267,Current,05/31/2027,MICHAEL PAGAN,,False,not_found,TSBPE Responsible Master Plumber Registry,2026-06-10
ANASTAS PLUMBING INC.,(512) 801-0438,"P.O. BOX 1911, MASON, TX 76856",P.O. BOX 1911,MASON,TX,76856,MASON,36388,Current,10/31/2026,KENNETH ANASTAS,,False,not_found,TSBPE Responsible Master Plumber Registry,2026-06-10
PELL PLUMBING,(530) 414-1446,"P.O BOX 358, GLEN ROSE, TX 76043",P.O BOX 358,GLEN ROSE,TX,76043,SOMERVELL,44111,Current,11/30/2026,MICHAEL PELLETIER,,False,not_found,TSBPE Responsible Master Plumber Registry,2026-06-10
TP PLUMBING,(940) 851-9905,"PO BOX  546, HOLLIDAY, TX 76366",PO BOX  546,HOLLIDAY,TX,76366,ARCHER,46221,Current,07/31/2026,TANNER PRICE,,False,not_found,TSBPE Responsible Master Plumber Registry,2026-06-10
THE J B ALLEN CO INC,(830) 374-3618,"2005 SOUTH HWY 83, CRYSTAL CITY, TX 78839",2005 SOUTH HWY 83,CRYSTAL CITY,TX,78839,ZAVALA,1370,Current,09/30/2026,J. ALLEN,,False,not_found,TSBPE Responsible Master Plumber Registry,2026-06-10
"AIRWAY PLUMBING, HEATING & A/C",(806) 995-4085,"1007 LYNN ST., TULIA, TX 79088",1007 LYNN ST.,TULIA,TX,79088,SWISHER,36153,Current,09/30/2026,JAMES JOHNSON,,False,not_found,TSBPE Responsible Master Plumber Registry,2026-06-10
ULTIMATE PLUMBING,(806) 891-5636,"1102 HOGUE ST, BROWNFIELD, TX 79316",1102 HOGUE ST,BROWNFIELD,TX,79316,TERRY,36435,Current,02/28/2027,JOSE SALGADO,,False,not_found,TSBPE Responsible Master Plumber Registry,2026-06-10
REEL PLUMBING LLC,(903) 782-1782,"P. O. BOX 282, COOPER, TX 75432",P. O. BOX 282,COOPER,TX,75432,DELTA,18583,Current,03/31/2027,CARL REEL,,False,not_found,TSBPE Responsible Master Plumber Registry,2026-06-10
LARRY LUCE PLUMBING,(903) 373-3097,"PO BOX 492, GRAPELAND, TX 75844",PO BOX 492,GRAPELAND,TX,75844,HOUSTON,42729,Current,10/31/2026,LARRY LUCE,,False,not_found,TSBPE Responsible Master Plumber Registry,2026-06-10
YOUNG PLUMBING LLC,(361) 552-6733,"603  W. AUSTIN, PORT LAVACA, TX 77979",603  W. AUSTIN,PORT LAVACA,TX,77979,CALHOUN,39944,Current,02/28/2027,SHAUN AGUIRRE,,False,not_found,TSBPE Responsible Master Plumber Registry,2026-06-10
HOLMES PLUMBING,(806) 983-1251,"1432 CR 242, FLOYDADA, TX 79235",1432 CR 242,FLOYDADA,TX,79235,FLOYD,37210,Current,03/31/2027,STEVEN HOLMES,,False,not_found,TSBPE Responsible Master Plumber Registry,2026-06-10
POST HEATING & AIR,(806) 495-2591,"P O BOX 429, POST, TX 79356",P O BOX 429,POST,TX,79356,GARZA,17873,Current,09/30/2026,JAMES VOSS,,False,not_found,TSBPE Responsible Master Plumber Registry,2026-06-10
ABETTER PLUMBER,(281) 360-1111,"PO BOX 632, JUNCTION, TX 76849",PO BOX 632,JUNCTION,TX,76849,KIMBLE,14927,Current,09/30/2026,EDWARD KELLEY,,False,not_found,TSBPE Responsible Master Plumber Registry,2026-06-10
BLUE SKY PLUMBING CORPORATION,(806) 543-5325,"607 3RD PO BOX 91, LORENZO, TX 79343",607 3RD PO BOX 91,LORENZO,TX,79343,CROSBY,36469,Current,10/31/2026,ERIC HURST,,False,not_found,TSBPE Responsible Master Plumber Registry,2026-06-10
TOLEDO PLUMBING,(409) 275-9567,"649 WINDCREST DR, SAN AUGUSTINE, TX 75972",649 WINDCREST DR,SAN AUGUSTINE,TX,75972,SAN AUGUSTINE,10833,Current,10/31/2026,JOE OSBORNE,,False,not_found,TSBPE Responsible Master Plumber Registry,2026-06-10
PENNINGTON MECHANICAL LLC,(214) 529-7127,"PO BOX 191, WHEELER, TX 79096",PO BOX 191,WHEELER,TX,79096,WHEELER,41463,Current,09/30/2026,TERRY PETCHINSKY,,False,not_found,TSBPE Responsible Master Plumber Registry,2026-06-10
PK'S PLUMBING HEATING & AC INC,(806) 689-2025,"P.O. BOX 38, AFTON, TX 79220",P.O. BOX 38,AFTON,TX,79220,DICKENS,8951,Current,05/31/2027,PHILLIP KERR,,False,not_found,TSBPE Responsible Master Plumber Registry,2026-06-10
TRIPLE C MECHANICAL,(806) 264-0544,"1111 WEST 9TH ST, LITTLEFIELD, TX 79339",1111 WEST 9TH ST,LITTLEFIELD,TX,79339,LAMB,18179,Current,11/30/2026,ALTON COX,,False,not_found,TSBPE Responsible Master Plumber Registry,2026-06-10
BARMORE ENTERPRISES INC,(432) 447-2513,"2203 W. 3RD PO BOX 432, BARMORE ENTERPRISES, PECOS, TX 79772",2203 W. 3RD PO BOX 432,PECOS,TX,79772,REEVES,37805,Current,11/30/2026,RANDEL BARMORE,,False,not_found,TSBPE Responsible Master Plumber Registry,2026-06-10
1836 PLUMBING LLC,(512) 988-7075,"2402 B WEST WALLACE STREET, SAN SABA, TX 76877",2402 B WEST WALLACE STREET,SAN SABA,TX,76877,SAN SABA,44432,Current,03/31/2027,KEITH HACKLEMAN,https://www.1836plumbing.com,True,domain_phone_verified,TSBPE Responsible Master Plumber Registry,2026-06-10
KRAATZ PLUMBING,(325) 977-0008,"610  N. FANNIN ST., WINTERS, TX 79567",610  N. FANNIN ST.,WINTERS,TX,79567,RUNNELS,12351,Current,02/28/2027,DENNY HEATHCOTT,,False,not_found,TSBPE Responsible Master Plumber Registry,2026-06-10
DIAMOND D MECHANICAL INC,(325) 453-4437,"P O BOX 678, ROBERT LEE, TX 76945",P O BOX 678,ROBERT LEE,TX,76945,COKE,38009,Current,04/30/2027,OTIS HARDING,,False,not_found,TSBPE Responsible Master Plumber Registry,2026-06-10
J DEE MECHANICAL,(432) 258-3875,"945, ELM STREET, COLORADO CITY, TX 79512",945,COLORADO CITY,TX,79512,MITCHELL,22057,Current,10/31/2026,EMETERIO VILLARREAL GOMEZ,,False,not_found,TSBPE Responsible Master Plumber Registry,2026-06-10
REDMON PLUMBING,(432) 556-0159,"2304 S. ALICE, MONAHANS, TX 79756",2304 S. ALICE,MONAHANS,TX,79756,WARD,20363,Current,06/30/2026,BILLY REDMON,,False,not_found,TSBPE Responsible Master Plumber Registry,2026-06-10
LONE WOLF PLUMBING LLC,(915) 261-6031,"23602 SITKA SPRUCE DR, KATY, TX 77493",23602 SITKA SPRUCE DR,KATY,TX,77493,HARRIS,39698,Current,05/31/2027,GERARDO ENRIQUEZ,,False,not_found,TSBPE Responsible Master Plumber Registry,2026-06-10
FRANK SMITH PLUMBING,(214) 912-2768,"214 W CLARENDON DR, DALLAS, TX 75208",214 W CLARENDON DR,DALLAS,TX,75208,DALLAS,16856,Current,03/31/2027,FRANK SMITH,,False,not_found,TSBPE Responsible Master Plumber Registry,2026-06-10
TRI DAL LLC & AFFILIATES,(817) 319-5141,"540  COMMERCE ST, SOUTHLAKE, TX 76092",540  COMMERCE ST,SOUTHLAKE,TX,76092,TARRANT,38937,Current,05/31/2027,EDDIE THOMAS,,False,not_found,TSBPE Responsible Master Plumber Registry,2026-06-10
ALAMO PLUMBING A/C & HEAT LLC,(210) 548-1113,"12810 OAK PASS, SAN ANTONIO, TX 78253",12810 OAK PASS,SAN ANTONIO,TX,78253,BEXAR,36584,Current,02/28/2027,SAMUEL LONGORIA,,False,not_found,TSBPE Responsible Master Plumber Registry,2026-06-10
CENTEX ELITE PLUMBING LLC,(512) 284-6859,"10007 HERMES DR, AUSTIN, TX 78725",10007 HERMES DR,AUSTIN,TX,78725,TRAVIS,39448,Current,11/30/2026,ISAAC LOPEZ,,False,not_found,TSBPE Responsible Master Plumber Registry,2026-06-10
LAYMAN PLUMBING LLC,(945) 220-5551,"1210 W MCDERMOTT DR, SUITE 113, ALLEN, TX 75013",1210 W MCDERMOTT DR,ALLEN,TX,75013,COLLIN,45083,Current,07/31/2026,WILLIAM LAYMAN,,False,not_found,TSBPE Responsible Master Plumber Registry,2026-06-10
MIKES PLUMBING,(512) 636-4160,"PO BOX 6402, ROUND ROCK, TX 78683",PO BOX 6402,ROUND ROCK,TX,78683,WILLIAMSON,20095,Current,09/30/2026,MICHAEL GAVIT,,False,not_found,TSBPE Responsible Master Plumber Registry,2026-06-10
UNION PLUMBING,(915) 422-5292,"P.O. BOX 971763, EL PASO, TX 79997",P.O. BOX 971763,EL PASO,TX,79997,EL PASO,37696,Current,02/28/2027,RUBEN CORTEZ,,False,not_found,TSBPE Responsible Master Plumber Registry,2026-06-10
BARTSCH SERVICES INC,(281) 364-1944,"1440  LAKE FRONT CIRCLE, SUITE 155, THE WOODLANDS, TX 77380",1440  LAKE FRONT CIRCLE,THE WOODLANDS,TX,77380,MONTGOMERY,37279,Current,07/31/2026,JEFFERY BARTSCH,,False,not_found,TSBPE Responsible Master Plumber Registry,2026-06-10
CBS MECHANICAL INC.,(940) 387-7568,"5001 W UNIVERSITY DR, DENTON, TX 76207",5001 W UNIVERSITY DR,DENTON,TX,76207,DENTON,17742,Current,11/30/2026,DANIEL KRESS,,False,not_found,TSBPE Responsible Master Plumber Registry,2026-06-10
KING'S PLUMBING,(956) 565-6444,"1227 S. ILLINOIS, MERCEDES, TX 78570",1227 S. ILLINOIS,MERCEDES,TX,78570,HIDALGO,9252,Current,08/31/2026,DAVID KING,,False,not_found,TSBPE Responsible Master Plumber Registry,2026-06-10
LONE STAR PLUMBING COMPANY,(806) 239-8449,"4014 88TH PLACE, LUBBOCK, TX 79423",4014 88TH PLACE,LUBBOCK,TX,79423,LUBBOCK,38795,Current,10/31/2026,STEVEN ADAMS,,False,not_found,TSBPE Responsible Master Plumber Registry,2026-06-10
"SALTA PLUMBING, LLC DBA CABLES PLUMBING",(817) 478-1181,"3916 HERITAGE CT, BURLESON, TX 76028",3916 HERITAGE CT,BURLESON,TX,76028,JOHNSON,37501,Current,03/31/2027,DELTON NICHOLSON,,False,not_found,TSBPE Responsible Master Plumber Registry,2026-06-10
CASS STINSON PLUMBING LLC,(469) 371-9298,"PO BOX 284, PALMER, TX 75152",PO BOX 284,PALMER,TX,75152,ELLIS,13152,Current,11/30/2026,BERT STINSON,,False,not_found,TSBPE Responsible Master Plumber Registry,2026-06-10
S & B PLUMBING INC,(281) 898-0202,"12806 E BOURNEWOOD DR, SUGAR LAND, TX 77478",12806 E BOURNEWOOD DR,SUGAR LAND,TX,77478,FORT BEND,16885,Current,09/30/2026,WILLIAM EDMUNDS,,False,not_found,TSBPE Responsible Master Plumber Registry,2026-06-10
METRO PLUMBING,(361) 510-5375,"6010 HUGO DR, CORPUS CHRISTI, TX 78412",6010 HUGO DR,CORPUS CHRISTI,TX,78412,NUECES,17992,Current,09/30/2026,ALEJANDRO MEJIA,,False,not_found,TSBPE Responsible Master Plumber Registry,2026-06-10
MECHELL CONTRACTING LLC,(254) 405-1888,"201  HCR 2234, WEST, TX 76691",201  HCR 2234,WEST,TX,76691,MCLENNAN,16904,Current,04/30/2027,DENNIS SMITH,,False,not_found,TSBPE Responsible Master Plumber Registry,2026-06-10
AGGIELAND PLUMBING,(979) 693-3053,"P. O. BOX 11371, COLLEGE STATION, TX 77842",P. O. BOX 11371,COLLEGE STATION,TX,77842,BRAZOS,18656,Current,04/30/2027,LAYNE HERR,https://aggielandplumbing.com,True,domain_phone_verified,TSBPE Responsible Master Plumber Registry,2026-06-10
MAG PLUMBING AND SERVICES,(512) 353-4024,"3121 HWY. 21, SAN MARCOS, TX 78666",3121 HWY. 21,SAN MARCOS,TX,78666,HAYS,38328,Current,02/28/2027,ROBERT ROCHA,,False,not_found,TSBPE Responsible Master Plumber Registry,2026-06-10
